Champion,Role,Win Percent,Play Percent,Ban Rate,Kills,Deaths,Assists,Largest Killing Spree,Damage Dealt,Damage Taken,Total Healing,Minions Killed,Gold Earned
Ezreal,ADC,0.4952913008778931,0.15895131878006236,0.031033352714202652,6.765203511572227,5.266640063846768,7.515562649640862,10,22941,17961,2648,177.937110933759,11875
Lee Sin,Jungle,0.46782536726670804,0.12261958877319097,0.016842327818595064,6.210738671632527,5.416718394372026,7.679184771363542,8,12270,25711,7389,25.684460997310158,10199
Thresh,Support,0.4890285470813805,0.11909297531582007,0.012806173687827053,1.9657008947592671,5.581487004686834,12.631870472944184,5,6900,16274,1797,31.865360034086066,7371
Kai'Sa,ADC,0.4912351130737321,0.0947999365717004,0.0019282203076272531,7.4319550381372945,5.633346714840091,6.88438378161381,9,19746,18665,3893,186.21945671082563,12352
Lulu,Support,0.5147177963813124,0.09394999735715417,0.020948253078915378,1.495544153389144,4.579935187685661,13.258304077774778,3,5255,11887,1946,23.955846610856064,7290
Ashe,ADC,0.5240972126870795,0.09238966118716634,0.005154606480257942,5.908691473293972,5.825621309899766,9.36619524921049,9,18636,17757,2472,174.66469861320886,11673
Senna,Support,0.5013286093888397,0.08593266028859876,0.016296844442095247,3.085326247416593,5.134189548272808,12.176409802184825,5,12930,17063,9519,24.6358134041925,8297
Kha'Zix,Jungle,0.5299919159256266,0.07846080659654316,0.006511972091548179,8.270169765561842,5.248504446240905,5.498949070331447,8,17035,28098,13625,26.904284559417945,11102
Kayn,Jungle,0.5135754007196598,0.07756012474232253,0.015347534224853321,7.1727183513248285,5.891560353287537,7.0060516846581615,8,16387,30558,14105,35.376349362119726,11058
Graves,Jungle,0.49883527454242926,0.07624081611078809,0.025889317617210212,5.833444259567388,4.913976705490849,7.099833610648918,7,15601,21703,7750,46.035108153078205,11049
Caitlyn,ADC,0.513477314582287,0.07577144669379988,0.008201279137375126,6.473798761091579,5.563368491545287,7.330654612422569,7,20253,17430,3128,180.9405658797924,12086
Aphelios,ADC,0.48103932584269665,0.07225751889634759,0.03194460595168878,6.35375702247191,6.204705056179775,6.995962078651686,8,20189,17369,2750,184.09568117977528,11919
Ekko,Jungle,0.5057241504633836,0.06980918653205771,0.02586183202071991,7.094312193349082,5.193712520443395,7.059785571506451,8,16523,29495,13851,39.07795747773942,10721
Zed,Middle,0.5110849519325094,0.06465880860510598,0.033699455573761826,9.082597606435158,6.188346085932902,5.7318030213851285,10,22675,20663,3119,167.59309397684913,12183
Jhin,ADC,0.5159574468085106,0.06439240974681537,0.0016533643427242455,7.067769897557132,5.43321513002364,8.685185185185185,8,20137,17887,3742,177.93695823483057,12148
Karma,Support,0.4900098911968348,0.06412601088852476,0.0029621015909931814,2.037190900098912,5.053808110781405,11.500890207715134,5,9790,12863,2882,27.52700296735905,7429
Vayne,ADC,0.5052125100240578,0.06327607167397854,0.010858924890321899,7.4031676022453885,6.17822774659182,6.036287089013633,8,18969,19885,3491,168.87550120288694,11958
Nautilus,Support,0.5027377813830866,0.06255298905861832,0.020656482900787566,2.098762928412087,5.76860677347394,11.313323869397689,4,7834,16135,1387,32.890894341918475,7265
Blitzcrank,Support,0.5148334094020995,0.055588561763306725,0.02213647655795761,2.169557279780922,5.507987220447284,11.216111364673665,4,7862,17450,1635,29.882245549977178,7292
Yuumi,Support,0.4647592463363573,0.0545356519900629,0.03654315767218141,1.60130262851826,3.825540823447313,13.684577808792742,3,7693,7393,12158,7.384508025122122,7051
Volibear,Jungle,0.5142585551330798,0.05338125693747026,0.03420053914054654,5.422766159695818,4.882366920152092,8.274001901140684,7,13342,29564,8773,40.350998098859314,10475
Bard,Support,0.5208131655372701,0.05241714678365664,0.0033934140282255933,2.5513068731848985,4.988625363020329,12.508470474346563,5,9907,16001,6108,32.174249757986445,7601
Leona,Support,0.5116046917893686,0.0508314392938316,0.016277815952217348,1.9660593960569004,5.762166209134016,11.855502869977538,4,6611,17295,1805,31.934614424756674,7355
Pyke,Support,0.48383838383838385,0.05023521327765738,0.011467836566414716,6.19040404040404,6.401010101010101,7.914646464646465,8,9251,17832,4289,37.96388888888889,10172
Lucian,ADC,0.4821474441304906,0.049385274063111155,0.0020931338865690574,7.147957873105574,5.88800410994092,7.128692525044952,7,19873,19452,2683,184.25481633701514,12318
Morgana,Support,0.4883720930232558,0.04582060362598446,0.031079866800570854,2.416943521594684,5.537098560354374,11.995570321151716,7,10345,14890,2999,27.57668881506091,7827
Yasuo,Middle,0.4780361757105943,0.04418415349648501,0.04050954067339711,6.721791559000861,6.976457077232271,5.723514211886305,8,18168,22089,4493,183.85213896066608,12134
Soraka,Support,0.5228929717118693,0.043499127860880595,0.0028415878217664782,0.9440069991251093,5.086905803441237,12.958005249343833,3,5544,11602,18036,18.614173228346456,6940
Nunu & Willump,Jungle,0.5118974984746797,0.04158359321317194,0.010226756171044982,4.256253813300793,5.086638194020744,10.717815741305674,6,11176,32870,16964,35.114399023794995,9813
Nami,Support,0.506650170120631,0.04101273851683492,0.00028965590147470797,1.7049180327868851,5.219610269099907,13.908134859263841,5,7455,12571,10808,15.33776678008042,7411
Garen,Top,0.5134260757036557,0.03921137480839368,0.008613563084729638,6.37754771918473,4.961177612423164,4.436428340342931,7,18114,27189,3332,176.0698802976383,11926
Elise,Jungle,0.5121713729308666,0.03908451820920767,0.012074633965854432,6.200908795845505,5.265498214865303,7.405387861084064,7,13936,20521,7251,25.35702693930542,9951
Fiddlesticks,Jungle,0.5177466623249756,0.03895766161002167,0.021867963423013902,5.551611852816672,5.415174210354933,8.362422663627482,6,15743,27596,14834,34.69163139042657,10339
Zac,Jungle,0.49885283513602097,0.03870394841164966,0.007404196839156403,4.145198295640774,4.308095706325795,10.692232055063913,5,12820,35399,31059,34.912487708947886,9761
Nidalee,Jungle,0.49522555153111625,0.038526349172789257,0.004086896770442413,6.412907474481396,5.1508067171550875,6.884754692130392,7,14799,25064,14746,27.518933157721435,10454
Darius,Top,0.5075276012044162,0.03791743749669644,0.04815476505100692,6.676814988290398,5.830712612914018,4.617597858815658,7,17122,28015,5618,173.59785881565742,11641
Jinx,ADC,0.5071477195371,0.03727046884084782,0.00031502722131190864,6.866235534377127,5.8699795779441795,7.727705922396188,7,19727,18151,2424,183.85330156569094,12347
Janna,Support,0.5062326869806094,0.036636185844917804,0.0004291981605793118,1.6267313019390581,4.85803324099723,12.850761772853186,3,7524,12408,6582,18.895775623268698,7323
Mordekaiser,Top,0.47553956834532374,0.03526613457370897,0.009622073048258364,5.948201438848921,5.885251798561151,4.904676258992806,6,19896,26804,7702,165.65,11222
Twisted Fate,Middle,0.5150307859471206,0.03502510703525556,0.0036936413129658014,5.018471568272365,5.35132198478812,8.737413980441868,5,16851,20868,4480,167.97211155378486,11650
Sett,Support,0.4744338933528123,0.034733336857127754,0.012871716264073154,3.078524470416362,5.597881665449233,7.964572680788897,5,9662,19701,1387,49.20708546384222,7374
Lux,Support,0.517203513909224,0.03465722289761615,0.0010973095829589301,3.75,5.654099560761347,10.763543191800878,7,14342,11780,1138,39.44985358711567,8404
Orianna,Middle,0.4941348973607038,0.034606480257941746,0.0013023944183096357,5.479105571847508,5.208577712609971,9.11950146627566,6,19400,16551,1788,180.12463343108504,11414
Master Yi,Jungle,0.5074741280183979,0.03309688672762831,0.016501929277445954,7.606745879647375,6.334994250670755,4.641625143733231,7,15563,27074,11007,38.17247987734764,11301
Miss Fortune,ADC,0.4925373134328358,0.032297690152756485,0.0007547967651567207,6.810683424980361,5.969363707776905,7.932443047918303,6,20075,17652,2034,182.3974862529458,12092
Nocturne,Jungle,0.5099364069952306,0.031917120355198475,0.0036576986098631006,7.121621621621622,5.756359300476947,6.494038155802862,8,14753,27166,11679,37.13235294117647,11260
Camille,Top,0.5008058017727639,0.03148580791796606,0.0017696495586447486,6.371071716357776,5.903706688154714,5.765914585012087,7,18698,26048,3663,164.94480257856569,11487
Hecarim,Jungle,0.5129659643435981,0.03130820867910566,0.0014461652307204398,6.9858184764991895,5.254862236628849,7.786871961102107,7,15062,32356,13466,35.987844408427875,11092
Vi,Jungle,0.5098039215686274,0.031054495480733652,0.0006469686558486178,6.109477124183006,5.717320261437909,7.196486928104576,6,13491,22374,6548,31.41952614379085,10694
Sett,Top,0.4750415973377704,0.030496326444315238,0.012871716264073154,5.341930116472546,6.10981697171381,5.674708818635607,6,19198,28907,3469,158.71297836938436,11077
Volibear,Top,0.4920833333333333,0.030445583804640835,0.03420053914054654,5.5825,5.6175,6.33625,6,17855,27801,5227,153.97416666666666,10995
Wukong,Top,0.49559748427672956,0.03025529890586183,0.012873830540726255,5.79958071278826,5.628930817610063,5.895597484276729,6,16846,24262,4250,168.5740041928721,11476
Shaco,Jungle,0.5130252100840336,0.03019187060626883,0.005776203816269359,7.6873949579831935,5.376470588235295,7.374369747899159,9,15518,22911,6711,32.56680672268907,10944
Kassadin,Middle,0.5065373260227752,0.030077699667001426,0.03233997568581849,7.999578237030788,5.418810628426824,5.3285533530156055,8,20350,25236,7672,169.77098270771828,11761
Zoe,Middle,0.4809966216216216,0.030039642687245623,0.006264601723135472,6.700168918918919,5.505912162162162,7.211993243243243,6,21691,17834,3907,155.4222972972973,10954
Shen,Top,0.5124630333755809,0.030026957027327023,0.00109096675299963,4.35234474017744,4.901140684410646,9.705534431770173,5,14858,24647,2860,147.46345585128856,10223
LeBlanc,Middle,0.46956151553852704,0.02979861514879222,0.01126486600771711,7.35291613452533,4.998722860791826,6.556406981694338,6,19364,20441,4437,145.41038739889314,10879
Twitch,ADC,0.5139664804469274,0.02951953063058301,0.0011226809027961309,8.64245810055866,6.477868500214869,7.322303394929094,9,22210,19944,2223,167.88440051568543,12510
Renekton,Top,0.4627775359164127,0.029138960833024998,0.010011099952428775,5.219416630387462,5.898127993034393,5.378754897692643,7,17002,30584,7401,180.32825424466697,11551
Jarvan IV,Jungle,0.4808362369337979,0.0291262751731064,0.0005645118663777155,4.743466898954704,5.3323170731707314,11.615418118466899,7,10959,26328,8182,30.179442508710803,10158
Alistar,Support,0.5154819014391626,0.0290882181933506,0.0006300544426238173,1.8416921064108156,5.453990405582207,12.348887919755779,3,7184,19597,8323,29.873964238988226,7190
Evelynn,Jungle,0.5078740157480315,0.028999418573920396,0.012108462392304033,8.125984251968504,5.304024496937883,6.556867891513561,6,18038,22800,8517,19.034120734908136,10870
Jax,Top,0.5004389815627743,0.028897933294571593,0.009338759976742958,6.080333625987708,6.244951712028095,4.451273046532045,7,17808,25426,4779,170.16022827041263,11753
Fizz,Middle,0.5130242825607064,0.02873301971562979,0.013770283841640679,8.437969094922737,5.7298013245033115,6.004415011037527,10,18741,21833,3789,155.9598233995585,11637
Shyvana,Jungle,0.5140229885057471,0.027591310322955757,0.0017569638987261482,6.1466666666666665,4.841379310344828,6.570114942528735,8,17994,28982,11184,44.463908045977014,11201
Malphite,Top,0.5235211923614346,0.02723611184523495,0.004205296263016016,4.714485328365161,5.0265486725663715,7.945039590125757,5,17742,19534,2183,151.74476013041453,10395
Karthus,Jungle,0.5100514258999532,0.027134626565886145,0.007120883767640996,7.594670406732118,6.036465638148668,8.179990649836371,7,23704,25678,10485,44.32678821879383,11757
Katarina,Middle,0.4901129943502825,0.02694434166710714,0.009414873936254559,9.50894538606403,6.6403013182674195,6.2886064030131825,8,21039,24459,7141,154.09510357815444,11932
Aatrox,Top,0.4493163602074493,0.026906284687351338,0.005237063269728844,4.97029702970297,5.643092880716643,5.757190004714757,6,17670,30281,11752,160.51673738802452,10719
Olaf,Jungle,0.5028328611898017,0.026868227707595536,0.006393572598974576,6.613786591123701,5.364494806421152,6.328139754485363,6,15121,28961,10861,35.05099150141643,10865
Riven,Top,0.49641662685140947,0.02655108620963053,0.0015793646598657434,6.342570473005256,5.735785953177258,4.911610129001433,7,16431,22814,4335,174.7367415193502,11660
Fiora,Top,0.504538939321548,0.02655108620963053,0.010262698874147682,5.915432393693263,6.123268036311514,4.420926899187768,6,18395,28357,8390,181.36359292881033,11973
Draven,ADC,0.5021645021645021,0.026373486970770122,0.006205401976848671,7.226070226070226,6.436267436267436,6.762385762385763,7,20835,19701,1964,179.27417027417027,12958
Ekko,Middle,0.5002418964683115,0.02622125905174692,0.02586183202071991,7.343976777939042,5.695210449927431,6.228834059022739,8,19842,26678,8271,164.84228350266085,11582
Syndra,Middle,0.48420533070088845,0.025701146995084304,0.005234948993075744,6.601184600197433,5.820335636722606,6.75715695952616,7,21486,17435,2397,177.67522211253703,11534
Rek'Sai,Jungle,0.522794846382557,0.0255996617157355,0.004224324752893916,6.683349851337958,5.064420218037661,6.930128840436075,7,12639,26085,11796,22.765609514370663,10288
Xayah,ADC,0.47690763052208834,0.025269834557851895,0.0003425128178022094,6.744979919678715,5.902610441767068,7.247991967871486,7,19763,18283,2351,183.18775100401606,12234
Irelia,Top,0.43890020366598775,0.024914636080131083,0.007827052169776414,6.437881873727088,6.816191446028514,4.659368635437882,8,17944,27475,6706,199.92922606924643,12199
Galio,Middle,0.5185378590078329,0.024293038744119668,0.0034208996247158943,5.145691906005222,5.29242819843342,10.014621409921672,6,17357,21852,2101,154.56501305483027,10451
Warwick,Jungle,0.5117739403453689,0.024242296104445265,0.0016068502563560442,6.681841967556253,5.90633176347462,7.452119309262167,6,12742,32940,16356,33.132391418105705,10730
Rakan,Support,0.4942226890756303,0.024153496485015063,0.0002981130080871082,1.5892857142857142,4.883928571428571,13.229516806722689,3,6259,14471,3969,29.609768907563026,7256
Diana,Middle,0.48627243928194297,0.02402663988582906,0.008226650457212326,7.284582893347413,6.563357972544878,6.286166842661035,8,20873,22120,3925,161.9883843717001,11714
Ahri,Middle,0.5169851380042463,0.023899783286643057,0.0014377081241080396,6.512738853503185,5.433651804670913,7.6963906581740975,6,20225,18645,3613,161.33545647558387,11114
Kalista,ADC,0.48914223669923995,0.02336698557006184,0.0023806755113906656,7.365363735070575,6.1172638436482085,7.04614549402823,6,18465,20149,4371,184.02225841476655,12346
Vladimir,Middle,0.5149833518312985,0.022859559173317827,0.015516676357101326,6.714206437291898,5.405105438401776,6.026637069922309,6,22832,28767,23110,185.05493895671475,11766
Sylas,Middle,0.48523676880222844,0.022770759553887625,0.010865267720281199,7.20891364902507,6.554317548746518,6.856824512534819,9,19953,29475,9129,142.01114206128133,10897
Tristana,ADC,0.4767171129220023,0.0217939637401554,0.0006533114858079179,7.7363213038416765,6.0465657741559955,6.604190919674039,7,19083,18970,2682,167.8882421420256,12255
Ornn,Top,0.5096887844979449,0.021603678841376393,0.0017379354088482477,3.6911332941867294,4.903112155020552,8.616559013505578,4,16546,26614,3414,160.91015854374632,10241
Teemo,Top,0.5171394799054374,0.021464136582271788,0.00399598287435911,5.465130023640662,6.180260047281324,5.576832151300237,6,24450,20929,3886,170.2724586288416,11510
Sett,Jungle,0.49970326409495547,0.021375336962841586,0.012871716264073154,5.003560830860534,5.374480712166172,8.06646884272997,7,14351,29656,7009,54.92640949554896,10132
Brand,Support,0.5336134453781513,0.02113430942438818,0.0026407315397219727,4.854141656662665,6.972989195678271,8.851740696278512,6,18824,16980,1875,32.95558223289316,8867
Akali,Middle,0.4584837545126354,0.021083566784713778,0.005708546963370157,7.956678700361011,6.173886883273165,5.490974729241877,7,19309,24698,7121,154.17208182912154,11154
Trundle,Jungle,0.48615384615384616,0.020614197367725566,0.0010444526666314286,4.272615384615385,4.428307692307692,8.809846153846154,5,10371,31406,15685,31.301538461538463,9819
Zyra,Support,0.5194564546016059,0.020538083408213965,0.0012453089486759343,3.48733786287832,6.1747992588017295,9.98270537368746,5,17371,14833,1539,36.49845583693638,8637
Rengar,Jungle,0.5133956386292835,0.020360484169353557,0.005156720756911042,7.933956386292835,6.012461059190031,5.603738317757009,8,16421,27887,10623,37.91339563862928,11330
Sylas,Jungle,0.4516740366392925,0.02008139965114435,0.010865267720281199,6.437144662034113,5.8774478837650035,6.759317751105496,6,15690,32605,14767,33.85217940619078,10053
Maokai,Top,0.5315487571701721,0.019903800412283946,0.0009112532374861251,3.304652644996813,4.961759082217974,9.239643084767367,4,17151,30600,10949,150.07265774378584,9856
Nasus,Top,0.517219387755102,0.019891114752365345,0.0032200433426713884,5.2251275510204085,5.329081632653061,5.528698979591836,6,18197,33084,1760,172.3029336734694,11573
Braum,Support,0.4689119170984456,0.019586658914318936,0.0006046831227866167,1.435880829015544,5.2817357512953365,13.271373056994818,3,6674,18010,2422,29.757124352331605,7203
Zilean,Support,0.5272373540856031,0.019561287594481738,0.0010740525397748295,2.1108949416342413,4.721141374837873,11.702983138780803,4,9668,14064,5377,38.60246433203632,7635
Sejuani,Jungle,0.4970684039087948,0.019472487975051533,0.0004038268407421111,4.289250814332248,4.747882736156352,10.53485342019544,6,12343,31957,7935,36.682736156351794,10334
Kindred,Jungle,0.4801587301587302,0.019180717796923725,0.0006638828690734182,6.356481481481482,5.882275132275132,6.766534391534392,7,15593,24977,12698,33.145502645502646,10580
Lux,Middle,0.5013262599469496,0.019129975157249325,0.0010973095829589301,6.230106100795756,5.226127320954907,9.148541114058355,7,21177,14163,1138,159.7579575596817,11041
Varus,ADC,0.45625841184387617,0.018850890639040118,0.0037634124425181036,6.016150740242261,5.892328398384926,7.958277254374159,6,19172,16439,2272,176.9293405114401,11535
Sona,Support,0.5152957171991842,0.018660605740261113,0.00016279930228870447,2.3813732154996603,5.639700883752549,12.584636301835486,4,9950,13629,10464,17.000679809653295,7639
Kog'Maw,ADC,0.5031271716469771,0.0182546646228659,0.0009514244938950262,7.509381514940931,6.37595552466991,6.930507296733843,7,24723,19039,2826,178.51494093120223,12307
Gangplank,Top,0.4790595150624541,0.017265183149215074,0.001632221576193245,4.9243203526818515,5.315209404849376,7.254224834680382,6,20790,24311,6876,193.23071271124172,12549
Cassiopeia,Middle,0.5029455081001473,0.017227126169459272,0.006480257941751678,6.703976435935199,6.052282768777614,6.019882179675994,7,20503,23371,7931,178.18483063328424,11747
Talon,Middle,0.5244807121661721,0.01710026957027327,0.004294095882446218,8.840504451038576,6.4792284866468846,6.144658753709199,8,20872,24396,4890,164.87982195845697,12297
Urgot,Top,0.5059701492537313,0.016998784290924468,0.001921877477667953,6.6716417910447765,5.762686567164179,5.200746268656716,6,18897,24051,4158,172.8873134328358,11912
Sivir,ADC,0.5037593984962406,0.016871927691738463,0.00015645647232940432,6.065413533834587,5.401503759398496,8.710526315789474,6,20155,17647,2307,198.2812030075188,12294
Wukong,Jungle,0.5118411000763942,0.016605528833447857,0.012873830540726255,6.357524828113063,5.354469060351414,7.050420168067227,6,14215,25527,7973,54.15584415584416,10930
Amumu,Jungle,0.5153846153846153,0.016491357894180454,0.0004207410539669116,4.661538461538462,5.686923076923077,9.724615384615385,7,13315,26805,7615,31.35,10170
Vladimir,Top,0.49459876543209874,0.01644061525450605,0.015516676357101326,5.229938271604938,5.378858024691358,5.525462962962963,6,21352,28199,22591,186.1435185185185,11317
Gnar,Top,0.4937402190923318,0.016212273375971246,0.0008245678947090227,5.183098591549296,5.540688575899844,6.658059467918623,7,19507,26864,3914,165.39984350547732,11236
Ashe,Support,0.565251572327044,0.01613615941645964,0.005154606480257942,3.286949685534591,3.3742138364779874,4.647012578616352,7,8159,8157,861,99.47248427672956,6769
Tryndamere,Top,0.4755520504731861,0.016085416776785242,0.004509752101062424,6.028391167192429,5.856466876971608,4.019716088328075,6,17927,31800,9132,191.78312302839117,12723
Nunu & Willump,Middle,0.46294820717131474,0.015920503197843435,0.010226756171044982,7.004780876494024,6.910756972111554,10.300398406374502,6,17671,30671,12541,129.0239043824701,10619
Swain,Support,0.4878246753246753,0.015628733019715627,0.0009641101538136266,4.234577922077922,6.098214285714286,10.094155844155845,6,15656,22068,6133,36.41152597402598,8327
Xerath,Support,0.5129310344827587,0.014715365505576403,0.001059252603203129,4.082758620689655,5.403448275862069,9.079310344827586,5,17272,12259,895,45.61379310344827,8424
Pantheon,Support,0.5129310344827587,0.014715365505576403,0.007046884084782494,4.453448275862069,5.729310344827586,7.845689655172414,6,10924,16329,1861,54.06896551724138,7949
Vel'Koz,Support,0.5051903114186851,0.014664622865902002,0.0009915957503039273,4.006055363321799,5.976643598615917,8.447231833910035,5,17665,13173,1034,44.21020761245675,8415
Gragas,Jungle,0.46954986760812,0.014372852687774194,0.00022834187853480628,4.766107678729038,5.41747572815534,8.219770520741395,6,13888,26330,11293,27.498676081200355,9606
Rammus,Jungle,0.5026642984014209,0.014284053068343992,0.0027781595221734764,4.381882770870337,5.534635879218473,10.341918294849023,7,12796,28056,8135,31.16785079928952,10035
Kai'Sa,Support,0.4950936663693131,0.01422062476875099,0.0019282203076272531,3.4237288135593222,2.9723461195361285,3.0517395182872433,5,7093,8096,1310,112.30776092774309,6683
Jayce,Top,0.47636039250669043,0.01422062476875099,0.0012453089486759343,5.807314897413024,6.140053523639607,6.12221231043711,7,20853,19726,2083,182.07582515611062,11706
Taric,Support,0.5350089766606823,0.014131825149320787,0.0009133675141392251,1.4766606822262118,5.000897666068223,12.953321364452425,3,5142,16293,9338,32.447037701974864,7112
Irelia,Middle,0.4618149146451033,0.014119139489402188,0.007827052169776414,7.677448337825696,7.013477088948787,5.242587601078167,6,18652,27571,6849,194.16082659478886,12419
Yasuo,ADC,0.48375451263537905,0.014055711189809186,0.04050954067339711,7.268050541516246,6.903429602888087,6.912454873646209,8,17682,21325,4530,181.99909747292418,12372
Jax,Jungle,0.5064456721915286,0.013776626671599977,0.009338759976742958,6.4779005524861875,5.838858195211786,5.718232044198895,6,15217,27154,9047,67.4548802946593,11301
Kayle,Top,0.48515769944341375,0.013675141392251176,0.00047359797029441304,5.449907235621521,5.77365491651206,5.996289424860853,6,19018,21118,8394,189.89888682745826,12006
Sion,Top,0.5066287878787878,0.013396056874041967,0.00016491357894180453,4.980113636363637,6.069128787878788,7.452651515151516,6,19620,33965,3152,177.0748106060606,11337
Viktor,Middle,0.4835589941972921,0.01311697235583276,0.00030657011469950845,6.235976789168278,5.532882011605416,6.937137330754352,6,23520,16751,2129,183.9825918762089,11669
Akali,Top,0.4728682170542636,0.013091601035995559,0.005708546963370157,6.873062015503876,5.808139534883721,4.709302325581396,6,19002,24146,6894,164.00968992248062,10982
Vel'Koz,Middle,0.5154228855721393,0.01274908821819335,0.0009915957503039273,6.4368159203980095,5.3104477611940295,7.65771144278607,5,24224,15789,1372,173.14228855721393,11443
Veigar,Middle,0.4984984984984985,0.012672974258681748,0.0009027961308737248,7.1441441441441444,5.927927927927928,6.531531531531532,7,20479,17384,1910,171.26026026026025,11698
Qiyana,Middle,0.4894472361809045,0.012622231619007346,0.0011861092023891327,8.6,6.766834170854271,6.392964824120603,7,20354,21441,4166,150.38492462311558,11529
Azir,Middle,0.4511201629327902,0.012457318040065541,0.00043554099053861196,5.639511201629328,6.081466395112017,6.490835030549898,6,19518,18900,2154,181.4938900203666,11563
Annie,Middle,0.5405405405405406,0.012203604841693534,0.0009239388974047254,7.481288981288981,6.079002079002079,7.751559251559252,6,22157,18083,2319,157.512474012474,11474
Xin Zhao,Jungle,0.5119667013527576,0.012190919181774935,0.00021565621861620592,5.772112382934443,6.069719042663892,7.117585848074922,6,14004,29331,14696,29.093652445369408,10212
Illaoi,Top,0.4653361344537815,0.012076748242507531,0.0036407843966383,5.034663865546219,6.373949579831932,4.59453781512605,5,22842,30620,8894,191.03781512605042,11517
Xerath,Middle,0.4682875264270613,0.01200063428299593,0.001059252603203129,6.516913319238901,5.020084566596195,8.590909090909092,7,24771,14921,1289,172.69661733615223,11500
Malzahar,Middle,0.5155412647374062,0.011835720704054125,0.0028521592050319783,4.986066452304394,5.601286173633441,7.896034297963558,6,20436,15607,1136,187.84458735262595,11753
Quinn,Top,0.5091693635382956,0.011759606744542522,0.0022791902320418627,6.743257820927724,7.010787486515642,6.2599784250269686,7,20552,20576,1372,164.34196332254584,11693
Galio,Support,0.509825327510917,0.011620064485437918,0.0034208996247158943,2.6299126637554586,4.703056768558952,8.786026200873362,4,9153,15329,1251,63.193231441048034,7063
Lissandra,Middle,0.4972375690607735,0.011480522226333315,0.0006681114223796184,5.94475138121547,5.924861878453038,8.651933701657459,7,19749,20326,2965,172.98232044198895,11276
Corki,Middle,0.49445676274944567,0.011442465246577514,0.00024314181510650667,7.329268292682927,6.058758314855876,6.370288248337029,8,23432,20570,2832,183.19068736141907,12384
Aphelios,Support,0.49498327759197325,0.011379036946984512,0.03194460595168878,3.1661092530657746,3.3656633221850614,3.061315496098105,4,7649,7863,1090,107.53288740245262,6554
Poppy,Top,0.47474747474747475,0.01130292298747291,0.0008245678947090227,4.5331088664422,5.273849607182941,7.420875420875421,5,17791,25087,3939,153.13468013468014,10371
Malphite,Support,0.5159453302961275,0.011138009408531106,0.004205296263016016,3.288154897494305,4.80751708428246,6.603644646924829,8,11129,13195,1000,65.26423690205011,7295
Ryze,Middle,0.4678362573099415,0.010846239230403298,0.00047782652360061316,5.570760233918128,5.6456140350877195,6.367251461988304,6,20604,23392,6664,188.6514619883041,11771
Pantheon,Middle,0.4813477737665463,0.010541783392356889,0.007046884084782494,7.566787003610108,6.043321299638989,7.4596871239470515,10,18057,22528,4423,141.47292418772562,11082
Maokai,Support,0.4927710843373494,0.010529097732438288,0.0009112532374861251,2.2674698795180723,4.873493975903615,8.546987951807228,4,10860,17716,4735,55.77951807228916,7029
Sylas,Top,0.49687108886107634,0.010135842274961678,0.010865267720281199,6.21026282853567,6.485607008760951,6.5306633291614515,7,19588,30727,9711,146.23153942428036,10703
Ivern,Jungle,0.5081761006289308,0.010085099635287276,0.00038691262751731063,2.3308176100628932,4.236477987421384,11.954716981132075,4,7573,12690,6012,15.40251572327044,8850
Singed,Top,0.5286624203821656,0.009958243036101273,0.0004207410539669116,4.4815286624203825,6.215286624203822,7.996178343949045,5,19591,28805,4904,178.1732484076433,11088
Kennen,Top,0.49607329842931935,0.009691844177810665,0.0005391405465405148,5.221204188481676,5.325916230366492,6.5013089005235605,6,18726,20129,3945,169.42539267015707,10952
Shen,Support,0.500697350069735,0.009095618161636449,0.00109096675299963,2.5606694560669454,3.8828451882845187,7.235704323570432,3,7136,14116,1279,68.11994421199442,6705
Kled,Top,0.471004243281471,0.008968761562450446,0.0016787356625614462,6.079207920792079,5.799151343705799,7.333804809052334,5,18044,32808,3800,157.79773691654879,11513
Udyr,Jungle,0.49145299145299143,0.008905333262857444,0.00030234156139330833,5.619658119658119,5.601139601139601,6.193732193732194,6,11692,28005,10367,36.074074074074076,10861
Yorick,Top,0.5035765379113019,0.008867276283101643,0.0008372535546276231,4.197424892703863,5.103004291845494,4.989985693848355,5,19252,25728,6615,192.61659513590845,12021
Sylas,Support,0.5037147102526003,0.008537449125218035,0.010865267720281199,4.095096582466567,3.787518573551263,3.1411589895988112,6,9223,14261,4143,88.81277860326894,6549
Neeko,Middle,0.5061162079510704,0.008296421586764628,0.0003763412442518103,6.045871559633028,5.981651376146789,7.6941896024464835,7,19352,18464,2198,156.9296636085627,10950
Anivia,Middle,0.4969040247678019,0.008194936307415825,0.0006406258258893176,5.756965944272446,4.6609907120743035,7.46594427244582,7,18705,24392,4258,179.54024767801857,11676
Shaco,Support,0.5232744783306581,0.007903166129288017,0.005776203816269359,4.213483146067416,5.19422150882825,9.491171749598715,5,16176,15394,1523,31.518459069020867,8368
Cho'Gath,Top,0.48366013071895425,0.007763623870183413,0.0004587980337227126,6.068627450980392,5.965686274509804,6.2369281045751634,5,18482,32902,7762,162.5702614379085,11316
Aurelion Sol,Middle,0.5496688741721855,0.00766213859083461,0.00025794175167820707,5.622516556291391,5.264900662251655,8.658940397350994,6,18534,21823,4262,157.08609271523179,10426
Nocturne,Middle,0.5443886097152428,0.007573338971404408,0.0036576986098631006,8.008375209380235,6.358458961474037,6.418760469011725,6,18558,24281,5238,172.54438860971524,12342
Camille,Support,0.5333333333333333,0.007421111052381204,0.0017696495586447486,3.0923076923076924,3.2803418803418802,2.5435897435897434,5,7771,11405,1164,99.25982905982906,6491
Rumble,Middle,0.48939929328621906,0.007180083513927797,0.00046725514033511286,6.743816254416961,5.807420494699647,8.136042402826854,8,21577,22771,3840,159.21554770318022,11120
Kog'Maw,Middle,0.4672566371681416,0.0071673978540091965,0.0009514244938950262,7.03716814159292,6.046017699115044,6.651327433628318,7,25549,17200,1385,188.52920353982302,12135
Dr. Mundo,Top,0.4724689165186501,0.007142026534171996,0.0006004545694804165,4.710479573712256,5.412078152753108,6.772646536412078,5,20321,33974,8599,165.65896980461812,11076
Zoe,Support,0.5401869158878505,0.0067868280564511866,0.006264601723135472,3.953271028037383,3.433644859813084,4.011214953271028,6,10084,9205,1667,90.41121495327103,6909
Twisted Fate,Support,0.47842401500938087,0.006761456736613986,0.0036936413129658014,2.5403377110694185,3.3564727954971856,3.979362101313321,3,6902,9893,1758,102.76360225140714,6821
Ziggs,Middle,0.49429657794676807,0.006672657117183783,0.00013954225910460383,5.513307984790875,5.511406844106464,7.880228136882129,5,25360,16327,1583,185.46768060836501,11817
Karthus,Middle,0.4930966469428008,0.0064316295787303765,0.007120883767640996,7.232741617357002,6.899408284023669,8.335305719921104,7,28247,22457,5188,183.13806706114397,12193
Jax,Support,0.4871287128712871,0.006406258258893176,0.009338759976742958,3.0356435643564357,3.596039603960396,1.5386138613861386,4,7688,11621,1738,103.30891089108911,6670
Mordekaiser,Support,0.47023809523809523,0.006393572598974576,0.009622073048258364,2.634920634920635,3.4186507936507935,1.7658730158730158,6,8165,11688,2587,100.98412698412699,6246
Rumble,Top,0.48902195608782434,0.006355515619218774,0.00046725514033511286,5.469061876247505,5.790419161676646,7.315369261477046,5,20421,22991,3517,162.49101796407186,10865
